expense_date,expense_type,rows,spend
2026-05-05,advertising_clicks,183,47036.6
2026-05-05,advertising_other,14,2686.29
2026-05-06,advertising_clicks,186,54667.86
2026-05-06,advertising_other,6,213.73
2026-05-07,advertising_clicks,287,75007.57
2026-05-07,advertising_other,1,18.46
2026-05-09,advertising_clicks,329,86392.26
2026-05-09,advertising_other,1,23.26
2026-05-10,advertising_clicks,331,97370.92
2026-05-10,advertising_other,1,34.8
2026-05-11,advertising_clicks,316,96142.37
2026-05-11,advertising_other,2,459.03
2026-05-13,advertising_clicks,308,86177.57
2026-05-13,advertising_other,4,62.13
2026-05-14,advertising_clicks,322,98325.32
2026-05-14,advertising_other,1,481.2
2026-05-15,advertising_clicks,373,108016.68
2026-05-15,advertising_other,2,54.89
2026-05-16,advertising_clicks,393,119078.32
2026-05-16,advertising_other,12,4907.54
2026-05-17,advertising_clicks,364,113529.02
2026-05-17,advertising_other,29,2454.33
2026-05-18,advertising_clicks,359,99963.39
2026-05-18,advertising_other,3,427.51
2026-05-19,advertising_clicks,443,105528.05
2026-05-19,advertising_other,14,1935.72
2026-05-20,advertising_clicks,457,117595.29
2026-05-20,advertising_other,5,862.7
2026-05-21,advertising_clicks,639,144695.92
2026-05-21,advertising_other,13,1287.79
2026-05-23,advertising_clicks,149,36610.64
2026-05-23,advertising_other,12,3805.15
2026-05-24,advertising_clicks,555,154708.93
2026-05-24,advertising_other,12,1491.41
2026-05-25,advertising_clicks,565,141584.47
2026-05-25,advertising_other,23,3354.1
2026-05-27,advertising_clicks,540,144021.32
2026-05-27,advertising_other,15,2783.41
2026-05-30,advertising_clicks,581,144011.13
2026-05-30,advertising_other,18,3810.91
2026-05-31,advertising_clicks,618,171812.12
2026-05-31,advertising_other,5,71.23
2026-06-01,advertising_clicks,322,62382.16
2026-06-01,advertising_other,11,758.53
2026-06-02,advertising_clicks,92,31316.45
2026-06-02,advertising_other,3,1607.55
2026-06-03,advertising_clicks,576,140441.63
2026-06-03,advertising_other,6,74.11
2026-06-04,advertising_clicks,618,135974.35
2026-06-04,advertising_other,8,1232.55
2026-06-06,advertising_clicks,656,159026.56
2026-06-06,advertising_other,6,58.72
2026-06-07,advertising_clicks,593,148297.83
2026-06-07,advertising_other,7,612.78
2026-06-08,advertising_clicks,577,137969.44
2026-06-08,advertising_other,7,137.61
2026-06-09,advertising_clicks,560,133275.48
2026-06-09,advertising_other,11,755.05
2026-06-10,advertising_clicks,561,129063.41
2026-06-10,advertising_other,11,387.13
2026-06-11,advertising_clicks,543,121760.75
2026-06-11,advertising_other,8,800.71
2026-06-15,advertising_clicks,647,160196.26
2026-06-15,advertising_other,9,105.54
2026-06-16,advertising_clicks,596,145428.61
2026-06-16,advertising_other,14,130.61
2026-06-17,advertising_clicks,575,144450.79
2026-06-17,advertising_other,6,115.65
2026-06-18,advertising_clicks,583,142952.64
2026-06-18,advertising_other,3,2130.96
2026-06-19,advertising_clicks,553,123113.97
2026-06-19,advertising_other,1,7.86
2026-06-20,advertising_clicks,596,134913.46
2026-06-20,advertising_other,4,25.36
2026-06-21,advertising_clicks,585,140026.96
2026-06-21,advertising_other,8,82.15
2026-06-22,advertising_clicks,542,119553.92
2026-06-22,advertising_other,10,370.76
2026-06-23,advertising_clicks,555,115040.91
2026-06-23,advertising_other,5,353.33
2026-06-24,advertising_clicks,521,113867.24
2026-06-24,advertising_other,5,76.03
2026-06-25,advertising_clicks,555,122441.29
2026-06-25,advertising_other,5,167.28
2026-06-26,advertising_clicks,509,116753.92
2026-06-26,advertising_other,4,21.07
2026-06-27,advertising_clicks,529,121842.73
2026-06-27,advertising_other,15,1004.11
2026-06-28,advertising_clicks,580,147837.66
2026-06-28,advertising_other,8,82.4
2026-06-29,advertising_clicks,597,140340.4
2026-06-29,advertising_other,7,59.9
2026-07-01,advertising_clicks,622,131993.17
2026-07-01,advertising_other,1,3.77
2026-07-02,advertising_clicks,549,78765.39
2026-07-02,advertising_other,11,285.88
2026-07-03,advertising_clicks,574,117958.38
2026-07-03,advertising_other,4,1273.43
2026-07-04,advertising_clicks,536,139859.18
2026-07-04,advertising_other,13,1007.03
2026-07-05,advertising_clicks,534,153187.74
2026-07-05,advertising_other,5,353.92
2026-07-06,advertising_clicks,538,116415.18
2026-07-06,advertising_other,18,3485.04
2026-07-07,advertising_clicks,537,103445.21
2026-07-07,advertising_other,8,93.6
2026-07-08,advertising_clicks,562,120088.82
2026-07-08,advertising_other,4,44.82
2026-07-09,advertising_clicks,550,126071.3
2026-07-09,advertising_other,14,444.96
2026-07-10,advertising_clicks,537,115278.48
2026-07-10,advertising_other,17,368.74
2026-07-11,advertising_clicks,556,131769.05
2026-07-11,advertising_other,12,155.58
2026-07-12,advertising_clicks,483,132378.83
2026-07-12,advertising_other,15,577.1
2026-07-13,advertising_clicks,7,141.28
2026-07-13,advertising_other,70,14216.52
2026-07-14,advertising_clicks,486,122871.73
2026-07-14,advertising_other,9,275.37
2026-07-15,advertising_clicks,480,121905.59
2026-07-15,advertising_other,12,212.53
2026-07-16,advertising_clicks,517,124582.54
2026-07-16,advertising_other,13,1671.32
2026-07-17,advertising_clicks,519,130909.87
2026-07-17,advertising_other,21,1275.79
2026-07-18,advertising_clicks,514,131307.72
2026-07-18,advertising_other,11,485.51
2026-07-19,advertising_clicks,536,150662.86
2026-07-19,advertising_other,14,260.43
2026-07-20,advertising_clicks,503,132480.11
2026-07-20,advertising_other,23,393.1
2026-07-21,advertising_clicks,508,120717.6
2026-07-21,advertising_other,6,97.94
2026-07-22,advertising_clicks,488,123277.88
2026-07-22,advertising_other,17,1273.22
2026-07-23,advertising_clicks,502,126581.7
2026-07-23,advertising_other,6,126.96
2026-07-24,advertising_clicks,485,126788.56
2026-07-24,advertising_other,10,152.29
2026-07-25,advertising_clicks,500,133153.07
2026-07-25,advertising_other,6,133.07
2026-07-26,advertising_clicks,518,141035.16
2026-07-26,advertising_other,6,140.52
2026-07-27,advertising_clicks,514,134080.48
2026-07-27,advertising_other,13,221.43
2026-07-28,advertising_clicks,503,121522.12
2026-07-28,advertising_other,8,172.39
2026-07-30,advertising_clicks,503,127258.37
2026-07-30,advertising_other,11,173.84
2026-07-31,advertising_clicks,502,127563.76
2026-07-31,advertising_other,11,1163.96
2026-08-01,advertising_clicks,504,126893.9
2026-08-01,advertising_other,4,86.78
2026-08-02,advertising_clicks,480,151680.44
2026-08-02,advertising_other,17,3325.57
2026-08-03,advertising_clicks,426,127922.77
2026-08-03,advertising_other,2,27.35
2026-08-04,advertising_clicks,424,136781.33
2026-08-04,advertising_other,1,9.34
2026-08-05,advertising_clicks,423,125114.14
2026-08-05,advertising_other,2,38.19
2026-08-06,advertising_clicks,336,99888.88
2026-08-06,advertising_other,21,683.49
2026-08-07,advertising_clicks,338,110520.96
2026-08-07,advertising_other,3,12.61
2026-08-08,advertising_clicks,316,92169.61
2026-08-08,advertising_other,2,219.73
2026-08-09,advertising_clicks,325,96008.65
2026-08-09,advertising_other,2,19.21
2026-08-10,advertising_clicks,348,106210.59
2026-08-10,advertising_other,2,5.78
2026-08-11,advertising_clicks,531,120056.53
2026-08-11,advertising_other,265,13064.98
2026-08-12,advertising_clicks,613,68284.04
2026-08-12,advertising_other,1,25.16
2026-08-16,advertising_clicks,405,182281.0
2026-08-16,advertising_other,12,5253.92
2026-08-19,advertising_clicks,404,171827.26
2026-08-19,advertising_other,96,27718.41
