id,expense_date,marketplace_sku,expense_type,expense_amount
378662,2026-05-05,1021490673,advertising_other,198.28
378666,2026-05-05,1220305030,advertising_other,194.14
378671,2026-05-05,1313971945,advertising_other,1.04
378663,2026-05-05,1471000441,advertising_other,271.86
378668,2026-05-05,1543280950,advertising_other,15.12
378665,2026-05-05,2538358867,advertising_other,271.78
378670,2026-05-05,2834666761,advertising_other,7.25
378667,2026-05-05,3119094016,advertising_other,15.08
378673,2026-05-05,3286680274,advertising_other,6.0
378664,2026-05-05,3437018863,advertising_other,484.14
378672,2026-05-05,3545414480,advertising_other,5.98
378669,2026-05-05,3545632370,advertising_other,88.92
378661,2026-05-05,3560250855,advertising_other,706.8
378659,2026-05-05,3560254398,advertising_other,419.9
393403,2026-05-06,1470999563,advertising_other,88.47
393351,2026-05-06,1549380654,advertising_other,70.14
393468,2026-05-06,3256155531,advertising_other,12.32
393462,2026-05-06,3256176459,advertising_other,6.03
393465,2026-05-06,3560268777,advertising_other,6.13
393368,2026-05-06,997204337,advertising_other,30.64
408434,2026-05-07,1730787295,advertising_other,18.46
438669,2026-05-09,1557195202,advertising_other,23.26
453705,2026-05-10,1313888131,advertising_other,34.8
468947,2026-05-11,1116114621,advertising_other,451.23
468956,2026-05-11,997195851,advertising_other,7.8
514807,2026-05-13,1313972684,advertising_other,21.4
514764,2026-05-13,1499623221,advertising_other,8.64
514908,2026-05-13,3119094550,advertising_other,20.91
514849,2026-05-13,3215822872,advertising_other,11.18
530381,2026-05-14,1502338428,advertising_other,481.2
531326,2026-05-15,3119094507,advertising_other,30.21
531320,2026-05-15,3119094700,advertising_other,24.68
547307,2026-05-16,1010696967,advertising_other,472.26
547386,2026-05-16,1010741923,advertising_other,452.51
547339,2026-05-16,1010767000,advertising_other,435.13
547342,2026-05-16,1021502492,advertising_other,469.86
547265,2026-05-16,1269608122,advertising_other,437.57
547241,2026-05-16,1313545056,advertising_other,11.64
547369,2026-05-16,1383104711,advertising_other,486.54
547328,2026-05-16,1383105223,advertising_other,483.0
547393,2026-05-16,1456816182,advertising_other,407.86
547373,2026-05-16,1623624318,advertising_other,445.28
547303,2026-05-16,964607297,advertising_other,417.59
547385,2026-05-16,989430811,advertising_other,388.3
563415,2026-05-17,1010696967,advertising_other,33.4
563489,2026-05-17,1010741923,advertising_other,8.77
563445,2026-05-17,1010767000,advertising_other,18.72
563469,2026-05-17,1011467864,advertising_other,28.45
563423,2026-05-17,1045776863,advertising_other,122.0
563439,2026-05-17,1065203196,advertising_other,145.9
563416,2026-05-17,1068519739,advertising_other,73.03
563480,2026-05-17,1175221871,advertising_other,13.31
563372,2026-05-17,1219876238,advertising_other,348.92
563358,2026-05-17,1444879947,advertising_other,78.29
563347,2026-05-17,1444882627,advertising_other,253.07
563496,2026-05-17,1456816182,advertising_other,21.4
563375,2026-05-17,1549381075,advertising_other,20.42
563431,2026-05-17,1549381436,advertising_other,69.16
563427,2026-05-17,1620655459,advertising_other,4.86
563295,2026-05-17,1620655754,advertising_other,14.1
563403,2026-05-17,1620655885,advertising_other,48.82
563476,2026-05-17,1623624318,advertising_other,28.98
563446,2026-05-17,1626401967,advertising_other,104.07
563405,2026-05-17,2574029918,advertising_other,22.78
563468,2026-05-17,2679366812,advertising_other,51.65
563477,2026-05-17,2839137847,advertising_other,106.94
563433,2026-05-17,3286739373,advertising_other,62.38
563345,2026-05-17,3543836404,advertising_other,38.52
563366,2026-05-17,3560576504,advertising_other,156.19
563370,2026-05-17,968268298,advertising_other,117.39
563475,2026-05-17,968268403,advertising_other,34.47
563488,2026-05-17,989430811,advertising_other,23.86
563382,2026-05-17,989446177,advertising_other,404.48
579760,2026-05-18,1269613903,advertising_other,24.76
579810,2026-05-18,2838742899,advertising_other,8.55
579857,2026-05-18,3507590773,advertising_other,394.2
596366,2026-05-19,1066697734,advertising_other,225.27
596418,2026-05-19,1219871964,advertising_other,9.76
596336,2026-05-19,1300117700,advertising_other,99.35
596320,2026-05-19,1448784642,advertising_other,396.41
596345,2026-05-19,1448785258,advertising_other,84.75
596322,2026-05-19,1448822363,advertising_other,211.78
596386,2026-05-19,1471000441,advertising_other,147.01
596376,2026-05-19,1538676008,advertising_other,84.52
596335,2026-05-19,1549380602,advertising_other,216.39
596478,2026-05-19,1554819310,advertising_other,90.93
596319,2026-05-19,1620587345,advertising_other,31.48
596591,2026-05-19,3119094209,advertising_other,3.85
596492,2026-05-19,997206162,advertising_other,200.78
596367,2026-05-19,997206323,advertising_other,133.44
613256,2026-05-20,1011802893,advertising_other,313.37
613244,2026-05-20,1456816053,advertising_other,259.42
613246,2026-05-20,1502336426,advertising_other,250.54
613220,2026-05-20,1620655754,advertising_other,13.73
613209,2026-05-20,3255894785,advertising_other,25.64
630443,2026-05-21,1011771838,advertising_other,131.27
630446,2026-05-21,1011802893,advertising_other,13.46
630442,2026-05-21,1021497496,advertising_other,5.5
630531,2026-05-21,1045776863,advertising_other,161.02
630563,2026-05-21,1175227677,advertising_other,292.29
630487,2026-05-21,1269608122,advertising_other,3.9
630698,2026-05-21,1269608327,advertising_other,1.74
630440,2026-05-21,1312310308,advertising_other,220.54
630406,2026-05-21,1313569252,advertising_other,108.57
630457,2026-05-21,1444882627,advertising_other,18.87
630425,2026-05-21,1502336426,advertising_other,79.91
630435,2026-05-21,1502338428,advertising_other,24.88
630433,2026-05-21,958696442,advertising_other,225.84
648205,2026-05-23,1011798220,advertising_other,224.14
648183,2026-05-23,1021530556,advertising_other,362.63
648226,2026-05-23,1059424862,advertising_other,307.52
648195,2026-05-23,1160101308,advertising_other,215.72
648229,2026-05-23,1269613903,advertising_other,315.92
648241,2026-05-23,1349794419,advertising_other,287.3
648284,2026-05-23,1502337507,advertising_other,513.07
648286,2026-05-23,1557196725,advertising_other,329.93
648174,2026-05-23,2834665919,advertising_other,214.07
648269,2026-05-23,3118764516,advertising_other,443.29
648225,2026-05-23,3119095266,advertising_other,239.63
648277,2026-05-23,997987755,advertising_other,351.93
665746,2026-05-24,1045776863,advertising_other,342.11
665778,2026-05-24,1175227677,advertising_other,285.77
665745,2026-05-24,1200571725,advertising_other,77.11
665716,2026-05-24,1466847163,advertising_other,22.11
666095,2026-05-24,1626402013,advertising_other,11.09
666050,2026-05-24,2948405112,advertising_other,3.4
666045,2026-05-24,3118764455,advertising_other,5.78
665701,2026-05-24,3119094016,advertising_other,493.0
665782,2026-05-24,3119094550,advertising_other,232.93
665996,2026-05-24,3119094933,advertising_other,11.87
666094,2026-05-24,3790062696,advertising_other,4.0
666072,2026-05-24,951328173,advertising_other,2.24
684161,2026-05-25,1202109171,advertising_other,13.52
684186,2026-05-25,1218450101,advertising_other,351.46
684162,2026-05-25,1218452118,advertising_other,329.65
684091,2026-05-25,1219855968,advertising_other,7.84
683678,2026-05-25,1313569252,advertising_other,1613.88
683790,2026-05-25,1451550093,advertising_other,20.09
683797,2026-05-25,1502336198,advertising_other,286.56
683847,2026-05-25,1557196725,advertising_other,146.85
683862,2026-05-25,1620587243,advertising_other,20.12
683848,2026-05-25,2838742899,advertising_other,123.66
684212,2026-05-25,3537197544,advertising_other,18.2
684215,2026-05-25,3537197592,advertising_other,11.72
684214,2026-05-25,3537197594,advertising_other,5.34
684216,2026-05-25,3537197743,advertising_other,25.01
684220,2026-05-25,3537197838,advertising_other,10.27
684221,2026-05-25,3537197943,advertising_other,6.45
684210,2026-05-25,3537198017,advertising_other,3.91
684211,2026-05-25,3537198068,advertising_other,6.7
684217,2026-05-25,3537198235,advertising_other,6.05
684152,2026-05-25,3825052225,advertising_other,7.9
684218,2026-05-25,3825053494,advertising_other,5.73
684219,2026-05-25,3825054687,advertising_other,6.25
684077,2026-05-25,994008672,advertising_other,326.94
719887,2026-05-27,1012622024,advertising_other,233.19
719656,2026-05-27,1045776858,advertising_other,339.28
719613,2026-05-27,1175227765,advertising_other,391.3
719602,2026-05-27,1175230178,advertising_other,450.62
719589,2026-05-27,1269613903,advertising_other,12.39
719932,2026-05-27,1626402013,advertising_other,23.67
719918,2026-05-27,1626402052,advertising_other,267.59
719554,2026-05-27,3119094507,advertising_other,291.56
719633,2026-05-27,3119094550,advertising_other,194.25
719498,2026-05-27,3119095044,advertising_other,23.02
775266,2026-05-27,3543927627,advertising_other,40.49
719865,2026-05-27,3543927674,advertising_other,188.26
719898,2026-05-27,3825054077,advertising_other,37.42
719892,2026-05-27,3825055443,advertising_other,88.19
719966,2026-05-27,989350393,advertising_other,202.18
755769,2026-05-30,1011798220,advertising_other,24.25
756152,2026-05-30,1012622034,advertising_other,225.58
755831,2026-05-30,1045776694,advertising_other,261.74
755862,2026-05-30,1220307076,advertising_other,199.09
755780,2026-05-30,1300246213,advertising_other,151.57
756127,2026-05-30,1336838746,advertising_other,288.6
756074,2026-05-30,1383119550,advertising_other,258.35
755953,2026-05-30,1538676054,advertising_other,270.68
755730,2026-05-30,1557195548,advertising_other,216.64
755839,2026-05-30,1557196725,advertising_other,305.08
756169,2026-05-30,1680229744,advertising_other,138.41
755957,2026-05-30,1680230386,advertising_other,124.76
755835,2026-05-30,1950352487,advertising_other,257.15
755779,2026-05-30,2834666379,advertising_other,28.38
756153,2026-05-30,2953604987,advertising_other,332.84
756049,2026-05-30,3119094211,advertising_other,390.06
755945,2026-05-30,3119094719,advertising_other,169.54
756031,2026-05-30,3543927585,advertising_other,168.19
774966,2026-05-31,1157888611,advertising_other,35.71
774989,2026-05-31,1219891869,advertising_other,7.86
774981,2026-05-31,1680926504,advertising_other,5.45
774504,2026-05-31,3119094507,advertising_other,11.95
774898,2026-05-31,3542401401,advertising_other,10.26
793778,2026-06-01,1626401935,advertising_other,26.24
793757,2026-06-01,3118764442,advertising_other,40.74
793690,2026-06-01,3118764455,advertising_other,15.34
793814,2026-06-01,3537198017,advertising_other,4.11
793837,2026-06-01,3542170012,advertising_other,17.85
793578,2026-06-01,3545414688,advertising_other,436.33
793728,2026-06-01,3800975792,advertising_other,41.73
793787,2026-06-01,3825056100,advertising_other,30.08
793699,2026-06-01,3825058025,advertising_other,63.91
793799,2026-06-01,3856737362,advertising_other,25.2
793704,2026-06-01,3864991372,advertising_other,57.0
832197,2026-06-02,3118764399,advertising_other,222.2
832158,2026-06-02,3256137211,advertising_other,714.46
832153,2026-06-02,3545632402,advertising_other,670.89
831415,2026-06-03,1502336198,advertising_other,9.21
831663,2026-06-03,1680229635,advertising_other,7.28
831662,2026-06-03,1842432609,advertising_other,5.92
831822,2026-06-03,3693195805,advertising_other,33.989999999999995
831665,2026-06-03,3790059787,advertising_other,11.99
831750,2026-06-03,3790062950,advertising_other,5.72
872975,2026-06-04,1061062959,advertising_other,357.01
872971,2026-06-04,1175221871,advertising_other,402.21
852201,2026-06-04,1175227765,advertising_other,318.29
851391,2026-06-04,2046728955,advertising_other,9.14
851637,2026-06-04,3118764399,advertising_other,5.92
851524,2026-06-04,3118764516,advertising_other,12.14
872973,2026-06-04,997203260,advertising_other,117.23
872970,2026-06-04,997206286,advertising_other,10.61
872690,2026-06-06,1175227765,advertising_other,7.29
872223,2026-06-06,1349794419,advertising_other,31.73
872374,2026-06-06,3119094625,advertising_other,4.9
872611,2026-06-06,3542393889,advertising_other,6.17
872639,2026-06-06,3543971504,advertising_other,3.98
872552,2026-06-06,3825054393,advertising_other,4.65
1030710,2026-06-07,1058566476,advertising_other,208.67
1030715,2026-06-07,1950378899,advertising_other,345.48
893663,2026-06-07,3542411032,advertising_other,5.82
893662,2026-06-07,3790063408,advertising_other,17.01
893677,2026-06-07,3790067361,advertising_other,9.19
893484,2026-06-07,3800974947,advertising_other,10.6
893532,2026-06-07,951328173,advertising_other,16.01
914661,2026-06-08,1061062959,advertising_other,40.42
914581,2026-06-08,1444882627,advertising_other,43.84
914605,2026-06-08,3119094507,advertising_other,9.7
915054,2026-06-08,3542404749,advertising_other,8.56
915055,2026-06-08,3543768634,advertising_other,9.29
915036,2026-06-08,3790059891,advertising_other,6.68
915029,2026-06-08,4105142167,advertising_other,19.119999999999997
936725,2026-06-09,1166293225,advertising_other,60.02
936776,2026-06-09,1202109171,advertising_other,106.58
936732,2026-06-09,1219855589,advertising_other,5.49
936805,2026-06-09,1219855706,advertising_other,165.36
936497,2026-06-09,1451550514,advertising_other,43.7
936769,2026-06-09,1680229713,advertising_other,23.78
936709,2026-06-09,3118764455,advertising_other,5.53
936368,2026-06-09,3119095044,advertising_other,253.28
936866,2026-06-09,3790060074,advertising_other,27.16
936486,2026-06-09,968268390,advertising_other,13.54
936431,2026-06-09,989446177,advertising_other,50.61
958479,2026-06-10,1620587257,advertising_other,119.53
958897,2026-06-10,2860134307,advertising_other,14.18
958968,2026-06-10,3537197544,advertising_other,21.47
958971,2026-06-10,3537197838,advertising_other,18.3
958973,2026-06-10,3537197894,advertising_other,21.66
958820,2026-06-10,3543927271,advertising_other,140.05
958995,2026-06-10,3548528709,advertising_other,1.0
958889,2026-06-10,3790060677,advertising_other,7.33
958953,2026-06-10,3790061407,advertising_other,1.0
958964,2026-06-10,3825053494,advertising_other,33.59
958969,2026-06-10,3825053663,advertising_other,9.02
977928,2026-06-11,1201581241,advertising_other,9.33
977839,2026-06-11,1269619649,advertising_other,11.84
978250,2026-06-11,1543281897,advertising_other,269.17
978229,2026-06-11,1626401935,advertising_other,284.45
978153,2026-06-11,1842432609,advertising_other,5.41
978104,2026-06-11,3118764624,advertising_other,144.9
978099,2026-06-11,3119094576,advertising_other,57.48
978271,2026-06-11,3790059222,advertising_other,18.13
995068,2026-06-15,1499596846,advertising_other,18.13
995459,2026-06-15,1543281897,advertising_other,12.18
995560,2026-06-15,3543968257,advertising_other,16.87
995373,2026-06-15,3790061591,advertising_other,11.95
995564,2026-06-15,3790064103,advertising_other,15.7
995568,2026-06-15,3790068411,advertising_other,8.74
995555,2026-06-15,3790069610,advertising_other,9.21
995376,2026-06-15,3825059296,advertising_other,7.03
995465,2026-06-15,997204518,advertising_other,5.73
998960,2026-06-16,1220219737,advertising_other,7.96
999029,2026-06-16,1950352487,advertising_other,14.21
999202,2026-06-16,3119094211,advertising_other,5.96
999063,2026-06-16,3437018863,advertising_other,1.0
999342,2026-06-16,3537197865,advertising_other,8.12
999403,2026-06-16,3542411518,advertising_other,9.96
999406,2026-06-16,3553356721,advertising_other,9.06
999420,2026-06-16,3693195731,advertising_other,12.54
999395,2026-06-16,3790063408,advertising_other,9.18
999401,2026-06-16,3790064145,advertising_other,8.2
999405,2026-06-16,3790064305,advertising_other,6.38
999218,2026-06-16,3790074216,advertising_other,6.5
999345,2026-06-16,3972814989,advertising_other,7.02
999356,2026-06-16,3986203651,advertising_other,24.52
1015085,2026-06-17,1557196729,advertising_other,29.59
1015380,2026-06-17,2860134307,advertising_other,16.1
1015057,2026-06-17,3119094507,advertising_other,12.79
1015463,2026-06-17,3542395281,advertising_other,31.01
1015223,2026-06-17,3560266304,advertising_other,8.67
1015437,2026-06-17,3790061407,advertising_other,17.49
1030497,2026-06-18,1116114582,advertising_other,858.83
1030500,2026-06-18,1202312962,advertising_other,530.33
1030495,2026-06-18,997205649,advertising_other,741.8
1031805,2026-06-19,3825058025,advertising_other,7.86
1049038,2026-06-20,1543281700,advertising_other,5.13
1048948,2026-06-20,1842432609,advertising_other,5.98
1049076,2026-06-20,3543775971,advertising_other,4.14
1049066,2026-06-20,3563059663,advertising_other,10.11
1054287,2026-06-21,1543281625,advertising_other,11.56
1054164,2026-06-21,3118764399,advertising_other,9.28
1054062,2026-06-21,3119094550,advertising_other,14.53
1054402,2026-06-21,3542372367,advertising_other,6.19
1054431,2026-06-21,3790060689,advertising_other,6.15
1054360,2026-06-21,3790062950,advertising_other,11.89
1054433,2026-06-21,3790068982,advertising_other,7.28
1054426,2026-06-21,3790069338,advertising_other,15.27
1074109,2026-06-22,1175227765,advertising_other,13.17
1074090,2026-06-22,1502336198,advertising_other,15.1
1074405,2026-06-22,1626402026,advertising_other,6.15
1074331,2026-06-22,3230056571,advertising_other,13.8
1074443,2026-06-22,3537198074,advertising_other,6.6
1074280,2026-06-22,3543927585,advertising_other,8.34
1074349,2026-06-22,3559566292,advertising_other,7.82
1074037,2026-06-22,3560576504,advertising_other,285.38
1074465,2026-06-22,3790069451,advertising_other,4.67
1074346,2026-06-22,3825059296,advertising_other,9.73
1080596,2026-06-23,1045776694,advertising_other,14.12
1080622,2026-06-23,1116091919,advertising_other,311.19
1080616,2026-06-23,1175221871,advertising_other,11.19
1080852,2026-06-23,3790064809,advertising_other,4.78
1080853,2026-06-23,997202936,advertising_other,12.05
1088304,2026-06-24,1012622034,advertising_other,6.07
1087960,2026-06-24,1021530556,advertising_other,12.38
1087912,2026-06-24,1383117144,advertising_other,29.45
1087950,2026-06-24,3215835296,advertising_other,22.32
1088374,2026-06-24,3542444867,advertising_other,5.81
1100917,2026-06-25,1012622024,advertising_other,6.58
1101002,2026-06-25,1165703634,advertising_other,9.08
1100856,2026-06-25,2531294283,advertising_other,136.51
1101087,2026-06-25,3542404749,advertising_other,5.9
1100947,2026-06-25,3790061591,advertising_other,9.21
1127223,2026-06-26,1011798220,advertising_other,2.11
1127610,2026-06-26,3542416365,advertising_other,4.87
1127524,2026-06-26,3825054310,advertising_other,7.7
1127540,2026-06-26,994051562,advertising_other,6.39
1168684,2026-06-27,1058566476,advertising_other,485.05
1128789,2026-06-27,1269123731,advertising_other,19.09
1128736,2026-06-27,1336838746,advertising_other,7.79
1128461,2026-06-27,1451550093,advertising_other,26.71
1128508,2026-06-27,1502337507,advertising_other,24.88
1128389,2026-06-27,1621530758,advertising_other,9.43
1128503,2026-06-27,1950352487,advertising_other,29.36
1128510,2026-06-27,2046728783,advertising_other,10.99
1128804,2026-06-27,3537197594,advertising_other,1.0
1128818,2026-06-27,3543968257,advertising_other,3.89
1128823,2026-06-27,3790061455,advertising_other,4.01
1168678,2026-06-27,3790065219,advertising_other,18.46
1128846,2026-06-27,3790065909,advertising_other,6.1
1161597,2026-06-27,3790068411,advertising_other,6.21
1216283,2026-06-27,997202660,advertising_other,351.14
1134632,2026-06-28,1165690540,advertising_other,11.11
1134783,2026-06-28,1219891869,advertising_other,11.66
1134608,2026-06-28,1842432609,advertising_other,22.39
1134322,2026-06-28,3119094507,advertising_other,11.21
1134721,2026-06-28,3563059663,advertising_other,12.06
1134737,2026-06-28,3790065130,advertising_other,4.15
1134623,2026-06-28,3825053775,advertising_other,4.2
1134705,2026-06-28,997204518,advertising_other,5.62
1161267,2026-06-29,1012622034,advertising_other,6.03
1160960,2026-06-29,1269613903,advertising_other,11.19
1161388,2026-06-29,2568755321,advertising_other,6.04
1161167,2026-06-29,3118764624,advertising_other,19.07
1161315,2026-06-29,3537198074,advertising_other,7.82
1161340,2026-06-29,3790068691,advertising_other,3.87
1161328,2026-06-29,4105142167,advertising_other,5.88
1168243,2026-07-01,3825055443,advertising_other,3.77
1194807,2026-07-02,1165690540,advertising_other,98.55
1194960,2026-07-02,1219891869,advertising_other,9.66
1194736,2026-07-02,2531294987,advertising_other,41.86
1194602,2026-07-02,2838742899,advertising_other,15.24
1194592,2026-07-02,3119094550,advertising_other,13.44
1194698,2026-07-02,3119094719,advertising_other,12.69
1194876,2026-07-02,3790061407,advertising_other,1.0
1194903,2026-07-02,3790062573,advertising_other,3.81
1194893,2026-07-02,3790064103,advertising_other,15.44
1194887,2026-07-02,3790064614,advertising_other,22.68
1194825,2026-07-02,3825052225,advertising_other,51.51
1216046,2026-07-03,1061062959,advertising_other,519.95
1216045,2026-07-03,1116114582,advertising_other,61.05
1216048,2026-07-03,1175225001,advertising_other,383.39
1216047,2026-07-03,1175230178,advertising_other,309.04
1242189,2026-07-04,1466847166,advertising_other,427.94
1242362,2026-07-04,1543281700,advertising_other,16.43
1241974,2026-07-04,1557195548,advertising_other,18.17
1242085,2026-07-04,2046728783,advertising_other,436.18
1241947,2026-07-04,2046728955,advertising_other,14.01
1242186,2026-07-04,2531294713,advertising_other,11.24
1242313,2026-07-04,2860134307,advertising_other,11.05
1242381,2026-07-04,3542373882,advertising_other,5.12
1242379,2026-07-04,3542376827,advertising_other,4.79
1242396,2026-07-04,3542404749,advertising_other,5.88
1242241,2026-07-04,3543927655,advertising_other,3.69
1242284,2026-07-04,3825055442,advertising_other,4.6
1242426,2026-07-04,997202660,advertising_other,47.93000000000001
1268287,2026-07-05,1444879766,advertising_other,10.83
1268500,2026-07-05,1665029324,advertising_other,297.91
1268231,2026-07-05,3119094016,advertising_other,19.55
1268596,2026-07-05,3563059663,advertising_other,19.65
1268514,2026-07-05,951328173,advertising_other,5.98
1294421,2026-07-06,1045776705,advertising_other,12.58
1418737,2026-07-06,1061062959,advertising_other,427.49
1418736,2026-07-06,1116114582,advertising_other,498.98
1294643,2026-07-06,1165690540,advertising_other,10.87
1418738,2026-07-06,1202312962,advertising_other,167.59
1347237,2026-07-06,1219891869,advertising_other,17.69
1294620,2026-07-06,1842432609,advertising_other,11.54
1294770,2026-07-06,1950378899,advertising_other,26.83
1445254,2026-07-06,3542395913,advertising_other,308.2
1392844,2026-07-06,3693195805,advertising_other,13.6
1369382,2026-07-06,3693196896,advertising_other,5.01
1294724,2026-07-06,3790059222,advertising_other,7.58
1294634,2026-07-06,3825053775,advertising_other,3.75
1294749,2026-07-06,4105141214,advertising_other,6.2
1418739,2026-07-06,997202925,advertising_other,470.09
1321142,2026-07-06,997203742,advertising_other,295.88
1392848,2026-07-06,997204337,advertising_other,1192.59
1294712,2026-07-06,997204518,advertising_other,8.57
1320588,2026-07-07,1175221871,advertising_other,37.230000000000004
1320530,2026-07-07,1269613903,advertising_other,11.52
1320517,2026-07-07,1543280950,advertising_other,10.66
1320907,2026-07-07,2568755321,advertising_other,6.08
1320851,2026-07-07,3790058408,advertising_other,6.8
1320749,2026-07-07,3790064512,advertising_other,1.0
1320867,2026-07-07,3790067361,advertising_other,4.92
1320832,2026-07-07,3825058385,advertising_other,15.39
1346936,2026-07-08,1219855831,advertising_other,15.51
1346778,2026-07-08,1383109964,advertising_other,5.85
1346568,2026-07-08,1428616698,advertising_other,17.66
1346913,2026-07-08,3825054393,advertising_other,5.8
1366944,2026-07-09,1502339813,advertising_other,3.98
1367357,2026-07-09,3542357595,advertising_other,4.88
1367345,2026-07-09,3543776787,advertising_other,16.3
1367385,2026-07-09,3543879445,advertising_other,21.28
1367194,2026-07-09,3543927628,advertising_other,5.64
1367191,2026-07-09,3543927655,advertising_other,13.76
1367364,2026-07-09,3552488708,advertising_other,22.310000000000002
1367271,2026-07-09,3790061010,advertising_other,8.06
1367383,2026-07-09,3790065909,advertising_other,7.14
1367314,2026-07-09,3825053494,advertising_other,20.01
1367316,2026-07-09,3825053663,advertising_other,12.19
1367356,2026-07-09,4105142098,advertising_other,14.38
1367309,2026-07-09,989347165,advertising_other,5.38
1367423,2026-07-09,997202925,advertising_other,289.65
1368920,2026-07-10,1543281625,advertising_other,11.73
1368776,2026-07-10,3256176520,advertising_other,43.5
1369039,2026-07-10,3542170568,advertising_other,31.29
1369031,2026-07-10,3542394603,advertising_other,9.59
1369012,2026-07-10,3542411518,advertising_other,17.53
1369010,2026-07-10,3542412010,advertising_other,6.56
1369050,2026-07-10,3542444867,advertising_other,42.61
1369040,2026-07-10,3543774425,advertising_other,8.77
1369023,2026-07-10,3548533275,advertising_other,18.35
1369071,2026-07-10,3693195731,advertising_other,13.16
1369062,2026-07-10,3790062617,advertising_other,3.24
1369036,2026-07-10,3790069338,advertising_other,38.33
1369052,2026-07-10,3790069340,advertising_other,42.55
1368891,2026-07-10,3790074216,advertising_other,18.18
1368822,2026-07-10,3800976449,advertising_other,6.18
1368955,2026-07-10,991746389,advertising_other,10.16
1369096,2026-07-10,997202925,advertising_other,47.01
1392434,2026-07-11,1543282210,advertising_other,5.45
1392513,2026-07-11,3118764637,advertising_other,1.0
1392568,2026-07-11,3542413788,advertising_other,17.59
1392582,2026-07-11,3543970264,advertising_other,5.52
1392531,2026-07-11,3563655924,advertising_other,26.18
1392615,2026-07-11,3693195805,advertising_other,12.58
1392612,2026-07-11,3693196896,advertising_other,33.13
1392468,2026-07-11,3790063829,advertising_other,14.58
1392574,2026-07-11,3790065181,advertising_other,18.0
1392367,2026-07-11,3800976002,advertising_other,4.33
1392412,2026-07-11,3825054077,advertising_other,10.51
1392425,2026-07-11,3825059296,advertising_other,6.71
1418145,2026-07-12,1620655885,advertising_other,152.53
1418376,2026-07-12,2860134307,advertising_other,4.26
1418459,2026-07-12,3542170012,advertising_other,8.64
1418456,2026-07-12,3542372332,advertising_other,5.59
1418453,2026-07-12,3542372932,advertising_other,13.28
1418439,2026-07-12,3542376827,advertising_other,11.02
1418473,2026-07-12,3543778054,advertising_other,11.06
1418435,2026-07-12,3790061233,advertising_other,8.83
1418467,2026-07-12,3790062259,advertising_other,20.91
1418468,2026-07-12,3790063524,advertising_other,12.86
1418285,2026-07-12,3800976193,advertising_other,7.72
1418378,2026-07-12,3825054310,advertising_other,16.53
1418401,2026-07-12,3825054612,advertising_other,18.88
1418335,2026-07-12,3825054777,advertising_other,7.05
1418111,2026-07-12,997206286,advertising_other,277.94
2064932,2026-07-13,1058566476,advertising_other,482.78
2064943,2026-07-13,1059424862,advertising_other,31.3
2064945,2026-07-13,1059424891,advertising_other,370.62
2064953,2026-07-13,1116114582,advertising_other,12.87
2064949,2026-07-13,1116114590,advertising_other,421.14
2064928,2026-07-13,1157888611,advertising_other,684.8499999999999
2064941,2026-07-13,1175221871,advertising_other,480.6
2064965,2026-07-13,1175225001,advertising_other,459.06
2064963,2026-07-13,1175227677,advertising_other,637.03
2064939,2026-07-13,1175227765,advertising_other,412.29
2064964,2026-07-13,1175230178,advertising_other,447.52
2064962,2026-07-13,1175230588,advertising_other,474.48
2064950,2026-07-13,1218451520,advertising_other,362.27
2064951,2026-07-13,1219891869,advertising_other,648.06
2064961,2026-07-13,1538675767,advertising_other,503.93
2064938,2026-07-13,1538676008,advertising_other,47.72
2064959,2026-07-13,1538676443,advertising_other,78.85
2064948,2026-07-13,1538676828,advertising_other,12.18
2064952,2026-07-13,1539237526,advertising_other,49.31
2064930,2026-07-13,1680926722,advertising_other,168.15
2064947,2026-07-13,1680926746,advertising_other,21.24
2064954,2026-07-13,1680926758,advertising_other,9.74
2064958,2026-07-13,1680926766,advertising_other,111.28
2064935,2026-07-13,1680926932,advertising_other,453.3
2064955,2026-07-13,1680926941,advertising_other,13.05
2064937,2026-07-13,1711492279,advertising_other,147.93
2064946,2026-07-13,2568755321,advertising_other,500.57
2064922,2026-07-13,3542273051,advertising_other,37.99
1582812,2026-07-13,3542376025,advertising_other,27.04
2039354,2026-07-13,3542393431,advertising_other,9.87
2064906,2026-07-13,3542395281,advertising_other,48.77
2064912,2026-07-13,3542398514,advertising_other,21.66
1610337,2026-07-13,3542416365,advertising_other,120.72
1582027,2026-07-13,3543755546,advertising_other,18.71
1542243,2026-07-13,3543968257,advertising_other,27.16
1610336,2026-07-13,3543969338,advertising_other,9.91
2064905,2026-07-13,3544004711,advertising_other,12.28
1752127,2026-07-13,3548528709,advertising_other,154.3
2064903,2026-07-13,3553380455,advertising_other,282.8
2064907,2026-07-13,3563059663,advertising_other,12.44
2064919,2026-07-13,3790058408,advertising_other,41.35
2064908,2026-07-13,3790059222,advertising_other,72.32
2064925,2026-07-13,3790059274,advertising_other,7.72
1579248,2026-07-13,3790059891,advertising_other,160.4
2064904,2026-07-13,3790060074,advertising_other,15.91
1615803,2026-07-13,3790060709,advertising_other,146.12
1579251,2026-07-13,3790061455,advertising_other,51.97
1579249,2026-07-13,3790062573,advertising_other,27.02
1752125,2026-07-13,3790063408,advertising_other,16.28
2039352,2026-07-13,3790064189,advertising_other,7.07
1752126,2026-07-13,3790064736,advertising_other,237.79
1582030,2026-07-13,3790065130,advertising_other,52.77
1450807,2026-07-13,3790067401,advertising_other,27.65
1582028,2026-07-13,3790068691,advertising_other,10.37
2064917,2026-07-13,3790069365,advertising_other,16.5
2039353,2026-07-13,3790069431,advertising_other,10.2
1582029,2026-07-13,3790069659,advertising_other,97.79
1615802,2026-07-13,3790073578,advertising_other,12.14
2064910,2026-07-13,4105141214,advertising_other,91.21
2064934,2026-07-13,997202660,advertising_other,37.32
2064933,2026-07-13,997202671,advertising_other,411.45
2064944,2026-07-13,997203742,advertising_other,295.41
2064942,2026-07-13,997204337,advertising_other,849.65
2064936,2026-07-13,997204402,advertising_other,235.06
2064957,2026-07-13,997204650,advertising_other,422.25
2064960,2026-07-13,997205649,advertising_other,707.84
2064931,2026-07-13,997206009,advertising_other,487.78
2064956,2026-07-13,997206239,advertising_other,158.97
2064940,2026-07-13,997206286,advertising_other,248.86
2064929,2026-07-13,997206326,advertising_other,433.58000000000004
1444647,2026-07-14,1175227765,advertising_other,116.38000000000001
1444972,2026-07-14,1219891869,advertising_other,42.31
1444522,2026-07-14,1448785299,advertising_other,42.15
1444828,2026-07-14,2948405112,advertising_other,3.79
1444717,2026-07-14,3545414480,advertising_other,13.97
1444731,2026-07-14,3560250647,advertising_other,35.25
1444843,2026-07-14,3825053775,advertising_other,7.6
1444897,2026-07-14,3825056100,advertising_other,7.98
1444956,2026-07-14,997206326,advertising_other,5.94
1450065,2026-07-15,1016893747,advertising_other,39.44
1450130,2026-07-15,1313888131,advertising_other,1.0
1450195,2026-07-15,1557196729,advertising_other,21.31
1450256,2026-07-15,1620587314,advertising_other,22.92
1450158,2026-07-15,2046829024,advertising_other,27.55
1450486,2026-07-15,3537198074,advertising_other,14.18
1450305,2026-07-15,3543927604,advertising_other,11.88
1450410,2026-07-15,3790064512,advertising_other,6.42
1450488,2026-07-15,3825054687,advertising_other,36.370000000000005
1450521,2026-07-15,4105142167,advertising_other,12.02
1450417,2026-07-15,951328173,advertising_other,5.04
1450238,2026-07-15,997987755,advertising_other,14.4
1454230,2026-07-16,1165703634,advertising_other,12.99
1454211,2026-07-16,1336838746,advertising_other,12.16
1453903,2026-07-16,1428616698,advertising_other,30.11
1453864,2026-07-16,1448785034,advertising_other,49.89
1453865,2026-07-16,1620655558,advertising_other,41.19
1454174,2026-07-16,1842432609,advertising_other,10.53
1454092,2026-07-16,2531294956,advertising_other,6.23
1454267,2026-07-16,3543927627,advertising_other,26.4
1454324,2026-07-16,3543967928,advertising_other,12.91
1454320,2026-07-16,3790064313,advertising_other,6.06
1454288,2026-07-16,3790069017,advertising_other,65.93
1454318,2026-07-16,4105144438,advertising_other,11.97
1454350,2026-07-16,997205649,advertising_other,1384.95
1456586,2026-07-17,1011783090,advertising_other,8.94
1456938,2026-07-17,1058566476,advertising_other,1.63
1456627,2026-07-17,1175230067,advertising_other,26.450000000000003
1456871,2026-07-17,1202248802,advertising_other,24.2
1456770,2026-07-17,1219855968,advertising_other,7.75
1456542,2026-07-17,1220219737,advertising_other,4.78
1456546,2026-07-17,1508613384,advertising_other,17.96
1456839,2026-07-17,1626402026,advertising_other,5.79
1456874,2026-07-17,3537197947,advertising_other,27.36
1456930,2026-07-17,3542273051,advertising_other,12.54
1456931,2026-07-17,3542393431,advertising_other,6.75
1456895,2026-07-17,3543881066,advertising_other,25.45
1510934,2026-07-17,3543952267,advertising_other,786.0699999999999
1510937,2026-07-17,3548534358,advertising_other,213.52
1456795,2026-07-17,3553359740,advertising_other,18.53
1456920,2026-07-17,3790067361,advertising_other,8.93
1456893,2026-07-17,3790069028,advertising_other,28.73
1456811,2026-07-17,3825052677,advertising_other,13.37
1456875,2026-07-17,3825053663,advertising_other,16.55
1456491,2026-07-17,958697848,advertising_other,6.29
1456826,2026-07-17,991746389,advertising_other,14.2
1460120,2026-07-18,1065203196,advertising_other,9.27
1460316,2026-07-18,1680230611,advertising_other,10.24
1460144,2026-07-18,2838742899,advertising_other,36.64
1460401,2026-07-18,3537197592,advertising_other,19.02
1460402,2026-07-18,3537197753,advertising_other,9.01
1486506,2026-07-18,3542395913,advertising_other,268.02
1460437,2026-07-18,3542444867,advertising_other,44.61
1460350,2026-07-18,3543778803,advertising_other,6.64
1460171,2026-07-18,3545414512,advertising_other,21.68
1460439,2026-07-18,3790066530,advertising_other,24.73
1460431,2026-07-18,4105142098,advertising_other,35.65
1486219,2026-07-19,1061068988,advertising_other,31.31
1485823,2026-07-19,1220219737,advertising_other,1.0
1485877,2026-07-19,1451550514,advertising_other,11.48
1486138,2026-07-19,1543281700,advertising_other,24.91
1486157,2026-07-19,3543871353,advertising_other,16.21
1485851,2026-07-19,3543927370,advertising_other,7.52
1486251,2026-07-19,3543952267,advertising_other,24.200000000000003
1486125,2026-07-19,3543970852,advertising_other,13.24
1486164,2026-07-19,3563655924,advertising_other,25.11
1486145,2026-07-19,3790061407,advertising_other,5.37
1486166,2026-07-19,3790064103,advertising_other,41.980000000000004
1486201,2026-07-19,3790064161,advertising_other,9.01
1486097,2026-07-19,3825052225,advertising_other,14.58
1486218,2026-07-19,997206009,advertising_other,34.510000000000005
1498411,2026-07-20,1016893747,advertising_other,41.37
1498816,2026-07-20,1165703634,advertising_other,10.22
1498549,2026-07-20,1269613903,advertising_other,13.02
1498536,2026-07-20,1313971945,advertising_other,38.32
1498824,2026-07-20,1665029306,advertising_other,5.6
1498533,2026-07-20,2834666379,advertising_other,19.69
1498629,2026-07-20,3462634533,advertising_other,8.59
1498900,2026-07-20,3542357595,advertising_other,16.09
1498884,2026-07-20,3542372332,advertising_other,21.82
1498862,2026-07-20,3542373882,advertising_other,8.34
1498811,2026-07-20,3542401401,advertising_other,11.6
1498893,2026-07-20,3543777109,advertising_other,42.260000000000005
1498890,2026-07-20,3543778054,advertising_other,18.4
1498733,2026-07-20,3543927612,advertising_other,15.23
1498883,2026-07-20,3552488708,advertising_other,11.8
1498878,2026-07-20,3553361572,advertising_other,34.230000000000004
1498633,2026-07-20,3560268777,advertising_other,7.84
1498895,2026-07-20,3790061048,advertising_other,8.17
1498855,2026-07-20,3790064614,advertising_other,8.84
1498935,2026-07-20,3790068064,advertising_other,10.35
1498739,2026-07-20,3800974947,advertising_other,9.18
1498822,2026-07-20,3825054612,advertising_other,25.18
1498806,2026-07-20,3825055054,advertising_other,6.96
1508172,2026-07-21,1466847166,advertising_other,17.15
1508037,2026-07-21,1557196729,advertising_other,6.62
1508086,2026-07-21,2046728783,advertising_other,39.62
1508217,2026-07-21,2531294765,advertising_other,17.14
1508329,2026-07-21,989350393,advertising_other,5.98
1508403,2026-07-21,997204402,advertising_other,11.43
1510572,2026-07-22,1186635872,advertising_other,22.68
1510652,2026-07-22,1219891869,advertising_other,27.54
1510511,2026-07-22,1543281625,advertising_other,11.87
1510206,2026-07-22,1620587321,advertising_other,48.92
1510640,2026-07-22,1950378899,advertising_other,27.759999999999998
1510466,2026-07-22,2531294505,advertising_other,17.18
1510385,2026-07-22,3256110143,advertising_other,268.25
1510627,2026-07-22,3542270972,advertising_other,13.71
1510628,2026-07-22,3543773252,advertising_other,16.91
1510394,2026-07-22,3545414688,advertising_other,452.29
1510573,2026-07-22,3548534358,advertising_other,1.72
1510614,2026-07-22,3790062404,advertising_other,4.23
1510631,2026-07-22,3790064736,advertising_other,7.32
1510504,2026-07-22,3864991372,advertising_other,14.31
1510626,2026-07-22,4105141214,advertising_other,12.1
1510642,2026-07-22,997204337,advertising_other,309.91
1510521,2026-07-22,997205957,advertising_other,16.52
1513577,2026-07-23,1175227677,advertising_other,19.689999999999998
1513839,2026-07-23,3537198074,advertising_other,25.189999999999998
1513871,2026-07-23,3543969338,advertising_other,8.78
1513625,2026-07-23,3545632404,advertising_other,11.49
1513882,2026-07-23,3790069610,advertising_other,9.24
1513842,2026-07-23,3825054687,advertising_other,52.57
1540031,2026-07-24,1175221871,advertising_other,22.84
1540262,2026-07-24,1219855831,advertising_other,8.12
1540275,2026-07-24,3543879445,advertising_other,24.53
1540247,2026-07-24,3790062950,advertising_other,4.4
1540289,2026-07-24,3790064305,advertising_other,4.01
1540288,2026-07-24,3790067375,advertising_other,17.74
1540282,2026-07-24,3790067401,advertising_other,23.94
1540278,2026-07-24,3790069451,advertising_other,10.83
1540312,2026-07-24,4105142167,advertising_other,11.95
1540041,2026-07-24,997953774,advertising_other,23.93
1541680,2026-07-25,1116091919,advertising_other,27.76
1541921,2026-07-25,3542412010,advertising_other,33.69
1541963,2026-07-25,3543776787,advertising_other,9.55
1541951,2026-07-25,3790064145,advertising_other,13.59
1541928,2026-07-25,3790069028,advertising_other,34.91
1541854,2026-07-25,3825052677,advertising_other,13.57
1551699,2026-07-26,1157888632,advertising_other,41.739999999999995
1551604,2026-07-26,1269619649,advertising_other,14.4
1551983,2026-07-26,3542444867,advertising_other,47.849999999999994
1551988,2026-07-26,3543969059,advertising_other,27.48
1551753,2026-07-26,3545632442,advertising_other,1.0
1551949,2026-07-26,3825053757,advertising_other,8.05
1578974,2026-07-27,1061068988,advertising_other,8.59
1578660,2026-07-27,1201581241,advertising_other,11.21
1578662,2026-07-27,1451550514,advertising_other,25.51
1578593,2026-07-27,1549381075,advertising_other,26.02
1578667,2026-07-27,1950352487,advertising_other,10.66
1578929,2026-07-27,3542397551,advertising_other,16.26
1579004,2026-07-27,3543952267,advertising_other,21.87
1578934,2026-07-27,3563655924,advertising_other,8.53
1578998,2026-07-27,3693195805,advertising_other,14.21
1578966,2026-07-27,3790064161,advertising_other,8.8
1578932,2026-07-27,3790067504,advertising_other,19.46
1578866,2026-07-27,3825052225,advertising_other,19.67
1578922,2026-07-27,3825053494,advertising_other,30.64
1581354,2026-07-28,1219878274,advertising_other,27.42
1581685,2026-07-28,1543281700,advertising_other,5.87
1581664,2026-07-28,3542401401,advertising_other,46.26
1581702,2026-07-28,3543775373,advertising_other,30.599999999999998
1581736,2026-07-28,3552488708,advertising_other,30.68
1581678,2026-07-28,3790068064,advertising_other,14.34
1581746,2026-07-28,3790070581,advertising_other,8.71
1581648,2026-07-28,3825054577,advertising_other,8.51
1582140,2026-07-30,1021530556,advertising_other,24.84
1582382,2026-07-30,2948405112,advertising_other,3.77
1582482,2026-07-30,3543773252,advertising_other,29.630000000000003
1582538,2026-07-30,3693196896,advertising_other,12.25
1582487,2026-07-30,3790058408,advertising_other,8.65
1582496,2026-07-30,3790062404,advertising_other,29.15
1582406,2026-07-30,3800975792,advertising_other,21.89
1582303,2026-07-30,3800976449,advertising_other,13.05
1582387,2026-07-30,3864991372,advertising_other,12.09
1582197,2026-07-30,968268390,advertising_other,6.11
1582523,2026-07-30,997204402,advertising_other,12.41
1609561,2026-07-31,1016893747,advertising_other,12.45
1610072,2026-07-31,1175225001,advertising_other,489.48
1610071,2026-07-31,1175230178,advertising_other,553.3
1609915,2026-07-31,1543281625,advertising_other,5.92
1609997,2026-07-31,3537197943,advertising_other,15.84
1610011,2026-07-31,3542372367,advertising_other,38.79
1610005,2026-07-31,3542397668,advertising_other,9.23
1609988,2026-07-31,3790061407,advertising_other,8.92
1610041,2026-07-31,3790061455,advertising_other,7.26
1610037,2026-07-31,3790067424,advertising_other,16.72
1610039,2026-07-31,3986203651,advertising_other,6.05
1615207,2026-08-01,2838742899,advertising_other,25.66
1615485,2026-08-01,3542395281,advertising_other,9.47
1615487,2026-08-01,3543768634,advertising_other,25.4
1615493,2026-08-01,3543969338,advertising_other,26.25
1663752,2026-08-02,1165690540,advertising_other,317.06
1675347,2026-08-02,1251891951,advertising_other,285.99
1629465,2026-08-02,1448784642,advertising_other,21.63
1675346,2026-08-02,1502336705,advertising_other,386.08
1629788,2026-08-02,1665029581,advertising_other,10.66
1663753,2026-08-02,2531294505,advertising_other,271.28
1663750,2026-08-02,2531294765,advertising_other,290.45
1675343,2026-08-02,2531294956,advertising_other,139.44
1629543,2026-08-02,2834666379,advertising_other,17.61
1662472,2026-08-02,2860136837,advertising_other,319.17
1675345,2026-08-02,3256136254,advertising_other,253.13
1669214,2026-08-02,3256136669,advertising_other,154.63
1669213,2026-08-02,3256136742,advertising_other,266.94
1629839,2026-08-02,3543881342,advertising_other,29.91
1675344,2026-08-02,3556987318,advertising_other,294.57
1680442,2026-08-02,3559566292,advertising_other,67.83
1663749,2026-08-02,994014402,advertising_other,199.19
1633559,2026-08-03,1061063975,advertising_other,25.99
1633575,2026-08-03,1165703634,advertising_other,1.36
1661776,2026-08-04,1011771838,advertising_other,9.34
1662988,2026-08-05,1448785034,advertising_other,26.73
1663113,2026-08-05,1502336861,advertising_other,11.46
1668908,2026-08-06,1045776694,advertising_other,5.92
1668896,2026-08-06,1313969153,advertising_other,21.83
1668899,2026-08-06,1383104711,advertising_other,5.06
1668902,2026-08-06,1444879671,advertising_other,5.99
1668909,2026-08-06,1444925231,advertising_other,8.08
1668577,2026-08-06,1448785299,advertising_other,169.65
1668897,2026-08-06,1499239487,advertising_other,5.79
1668913,2026-08-06,1502336281,advertising_other,5.51
1668599,2026-08-06,1502338428,advertising_other,28.919999999999998
1668582,2026-08-06,1620587257,advertising_other,54.02
1668917,2026-08-06,2046728783,advertising_other,3.41
1668924,2026-08-06,2531294765,advertising_other,22.34
1668912,2026-08-06,2679366812,advertising_other,6.87
1668663,2026-08-06,3118593543,advertising_other,13.36
1668911,2026-08-06,3215822872,advertising_other,5.79
1668926,2026-08-06,3256136254,advertising_other,12.31
1668925,2026-08-06,3556987318,advertising_other,8.09
1668919,2026-08-06,968268390,advertising_other,5.71
1668895,2026-08-06,994014402,advertising_other,11.56
1668920,2026-08-06,994016486,advertising_other,5.77
1668876,2026-08-06,997204402,advertising_other,277.51
1669246,2026-08-07,1011771838,advertising_other,2.99
1669452,2026-08-07,1626402013,advertising_other,8.620000000000001
1669547,2026-08-07,968268408,advertising_other,1.0
1675131,2026-08-08,1620587243,advertising_other,1.0
1675141,2026-08-08,989432645,advertising_other,218.73
1677417,2026-08-09,1010767000,advertising_other,3.07
1677422,2026-08-09,1471000441,advertising_other,16.14
1679909,2026-08-10,1313888131,advertising_other,4.779999999999999
1680013,2026-08-10,3256176520,advertising_other,1.0
1708315,2026-08-11,1010696967,advertising_other,619.0
2065480,2026-08-11,1011467864,advertising_other,58.43
2065494,2026-08-11,1011703837,advertising_other,64.24
1708261,2026-08-11,1011771838,advertising_other,653.1600000000001
2065486,2026-08-11,1012621991,advertising_other,13.33
2065424,2026-08-11,1012622042,advertising_other,33.0
2065484,2026-08-11,1016893747,advertising_other,9.37
2065493,2026-08-11,1017195686,advertising_other,9.06
2065476,2026-08-11,1017517174,advertising_other,27.8
2065509,2026-08-11,1017543579,advertising_other,1.52
1708260,2026-08-11,1021497496,advertising_other,98.08000000000001
2065388,2026-08-11,1021530556,advertising_other,85.38
2065382,2026-08-11,1058295959,advertising_other,98.4
2065497,2026-08-11,1058566467,advertising_other,65.46
2090791,2026-08-11,1059424741,advertising_other,70.25
2065431,2026-08-11,1061060339,advertising_other,111.98
2090722,2026-08-11,1066697466,advertising_other,69.65
2065385,2026-08-11,1116114819,advertising_other,1.0
2065504,2026-08-11,1117024427,advertising_other,80.05
2065420,2026-08-11,1117042437,advertising_other,1.29
2065402,2026-08-11,1154332904,advertising_other,18.35
2065393,2026-08-11,1154332975,advertising_other,19.64
2090823,2026-08-11,1157888536,advertising_other,66.54
1708888,2026-08-11,1175230588,advertising_other,102.67
1708887,2026-08-11,1205183648,advertising_other,46.0
2090760,2026-08-11,1212311226,advertising_other,11.86
2090739,2026-08-11,1219857837,advertising_other,1.0
1708550,2026-08-11,1269123731,advertising_other,9.69
1708288,2026-08-11,1269608122,advertising_other,63.0
2090736,2026-08-11,1269608785,advertising_other,47.56
1708613,2026-08-11,1269613903,advertising_other,326.81
2090715,2026-08-11,1269620077,advertising_other,5.51
2065407,2026-08-11,1269687717,advertising_other,38.35
2065513,2026-08-11,1269710043,advertising_other,40.51
1708884,2026-08-11,1284394810,advertising_other,191.62
2065430,2026-08-11,1293981444,advertising_other,32.64
1708607,2026-08-11,1313969153,advertising_other,10.59
2065405,2026-08-11,1444879875,advertising_other,1.44
2065457,2026-08-11,1444882645,advertising_other,22.34
2065498,2026-08-11,1451550511,advertising_other,80.07
2090826,2026-08-11,1464840782,advertising_other,5.17
2065416,2026-08-11,1470999452,advertising_other,177.82
2090843,2026-08-11,1471000166,advertising_other,24.43
2065453,2026-08-11,1502336198,advertising_other,14.15
2065421,2026-08-11,1502336235,advertising_other,34.9
2065487,2026-08-11,1502337353,advertising_other,17.51
2065390,2026-08-11,1502337507,advertising_other,31.98
2065503,2026-08-11,1502340678,advertising_other,20.26
2090755,2026-08-11,1538676887,advertising_other,29.51
2065491,2026-08-11,1543280950,advertising_other,25.63
2065507,2026-08-11,1543281476,advertising_other,3.41
2090758,2026-08-11,1549381385,advertising_other,1.32
2065406,2026-08-11,1554819288,advertising_other,45.82
2065403,2026-08-11,1555040446,advertising_other,22.62
2065474,2026-08-11,1557195548,advertising_other,9.39
2065377,2026-08-11,1557196725,advertising_other,53.99
2090828,2026-08-11,1612196607,advertising_other,1.0
2065441,2026-08-11,1620587035,advertising_other,33.39
2065426,2026-08-11,1620587085,advertising_other,10.71
2065378,2026-08-11,1620655394,advertising_other,1.0
2065376,2026-08-11,1620655576,advertising_other,12.84
2065445,2026-08-11,1621630016,advertising_other,22.72
2065454,2026-08-11,1621630019,advertising_other,66.79
2065386,2026-08-11,1621630116,advertising_other,19.18
1708516,2026-08-11,1626402013,advertising_other,4.07
2090734,2026-08-11,1627184748,advertising_other,1.0
2065427,2026-08-11,1627518940,advertising_other,20.62
2065479,2026-08-11,1635167942,advertising_other,32.72
2065496,2026-08-11,1645212515,advertising_other,75.25
2090770,2026-08-11,1645212638,advertising_other,40.61
2065508,2026-08-11,1648723667,advertising_other,7.53
2065488,2026-08-11,1652858425,advertising_other,30.49
2090716,2026-08-11,1652858648,advertising_other,28.0
2065412,2026-08-11,1680230257,advertising_other,8.03
2090789,2026-08-11,1680230450,advertising_other,28.61
1708582,2026-08-11,1680926722,advertising_other,321.64
2065511,2026-08-11,1703621083,advertising_other,18.69
2065471,2026-08-11,1704936244,advertising_other,1.52
2065467,2026-08-11,1710502053,advertising_other,3.72
2065492,2026-08-11,1713909383,advertising_other,3.73
2090806,2026-08-11,1721024121,advertising_other,202.15
2065413,2026-08-11,1725108769,advertising_other,84.35
2065435,2026-08-11,1730787295,advertising_other,154.86
2090727,2026-08-11,1739860418,advertising_other,10.17
2090815,2026-08-11,1740843056,advertising_other,8.44
2065455,2026-08-11,1745945241,advertising_other,7.53
2065400,2026-08-11,1747858252,advertising_other,15.37
2090720,2026-08-11,1747858286,advertising_other,20.11
2090723,2026-08-11,1756751709,advertising_other,86.41
2065461,2026-08-11,1756751797,advertising_other,16.62
2090809,2026-08-11,1828760990,advertising_other,1.0
2065464,2026-08-11,1869692265,advertising_other,41.35
2090836,2026-08-11,1940530271,advertising_other,11.11
2065450,2026-08-11,1940530822,advertising_other,11.35
2090803,2026-08-11,1940530862,advertising_other,7.8
2065437,2026-08-11,1940531246,advertising_other,6.71
2065394,2026-08-11,1950352487,advertising_other,87.13
2065436,2026-08-11,2046829999,advertising_other,42.41
2065452,2026-08-11,2516704733,advertising_other,28.56
2090725,2026-08-11,2523781375,advertising_other,20.51
1708629,2026-08-11,2531294505,advertising_other,389.14
2065506,2026-08-11,2531295053,advertising_other,16.96
2090818,2026-08-11,2531295117,advertising_other,11.19
2090724,2026-08-11,2568725926,advertising_other,8.9
2090714,2026-08-11,2573976572,advertising_other,65.98
2065443,2026-08-11,2624313121,advertising_other,4.83
2090775,2026-08-11,2624314132,advertising_other,8.79
2065448,2026-08-11,2719323011,advertising_other,49.15
2065404,2026-08-11,2834666686,advertising_other,53.94
2090756,2026-08-11,2834668066,advertising_other,35.55
2090767,2026-08-11,2855269299,advertising_other,134.25
2090790,2026-08-11,2855269609,advertising_other,15.55
2090829,2026-08-11,2859751939,advertising_other,7.84
2090761,2026-08-11,2860118594,advertising_other,20.83
2065458,2026-08-11,2860132298,advertising_other,1.07
2090810,2026-08-11,2947852938,advertising_other,31.9
2065379,2026-08-11,2948246753,advertising_other,21.51
2065483,2026-08-11,2948246768,advertising_other,21.06
2065411,2026-08-11,2948246972,advertising_other,13.91
2090742,2026-08-11,2948246977,advertising_other,39.67
2090825,2026-08-11,2948247060,advertising_other,17.09
2065470,2026-08-11,2948247115,advertising_other,13.44
2090718,2026-08-11,2948247132,advertising_other,73.95
2065434,2026-08-11,2948247147,advertising_other,11.3
2090719,2026-08-11,2948247246,advertising_other,28.09
2065469,2026-08-11,2948247438,advertising_other,1.75
2090797,2026-08-11,2948247668,advertising_other,2.75
2065387,2026-08-11,2948247691,advertising_other,96.0
2090788,2026-08-11,2948405112,advertising_other,22.73
1708889,2026-08-11,2953496143,advertising_other,42.71
2090813,2026-08-11,2953496304,advertising_other,1.0
2065392,2026-08-11,2953496536,advertising_other,57.18
2090851,2026-08-11,2953604987,advertising_other,16.22
2065423,2026-08-11,2953635074,advertising_other,2.88
2090830,2026-08-11,2974933001,advertising_other,11.37
2065401,2026-08-11,2974965032,advertising_other,4.79
2065425,2026-08-11,2996617717,advertising_other,46.82
2065440,2026-08-11,3014980189,advertising_other,4.71
2090805,2026-08-11,3088671524,advertising_other,18.08
2065417,2026-08-11,3094711086,advertising_other,1.37
2065381,2026-08-11,3210871643,advertising_other,13.68
2090807,2026-08-11,3210872057,advertising_other,3.37
2090796,2026-08-11,3210872061,advertising_other,10.47
2090824,2026-08-11,3210872158,advertising_other,184.33
2065442,2026-08-11,3210872275,advertising_other,2.46
2065373,2026-08-11,3214760981,advertising_other,40.86
2065384,2026-08-11,3214761078,advertising_other,10.17
2090717,2026-08-11,3215845962,advertising_other,162.23000000000002
2065473,2026-08-11,3228193243,advertising_other,23.69
2090799,2026-08-11,3229764697,advertising_other,97.52
2090749,2026-08-11,3230046141,advertising_other,4.82
2090765,2026-08-11,3230060326,advertising_other,1.0
2090778,2026-08-11,3255894552,advertising_other,4.68
2090833,2026-08-11,3255894679,advertising_other,1.0
2090819,2026-08-11,3255894705,advertising_other,59.78
2065415,2026-08-11,3255894754,advertising_other,43.29
2090769,2026-08-11,3256110143,advertising_other,3.9
1708390,2026-08-11,3256136483,advertising_other,338.38
1708394,2026-08-11,3256155531,advertising_other,435.75
2090782,2026-08-11,3256180464,advertising_other,13.96
2090728,2026-08-11,3424014519,advertising_other,9.17
2065383,2026-08-11,3424014728,advertising_other,6.14
2065374,2026-08-11,3424014815,advertising_other,2.84
2090752,2026-08-11,3424014824,advertising_other,13.16
2065375,2026-08-11,3424015961,advertising_other,3.16
2065505,2026-08-11,3424016357,advertising_other,171.39
2090846,2026-08-11,3424016410,advertising_other,119.83
1708379,2026-08-11,3462801050,advertising_other,429.52
2090839,2026-08-11,3543927334,advertising_other,15.82
2090771,2026-08-11,3543927343,advertising_other,17.82
2065438,2026-08-11,3543927370,advertising_other,121.59
2065397,2026-08-11,3543927387,advertising_other,2.73
2065398,2026-08-11,3543927469,advertising_other,58.41
2065463,2026-08-11,3543927472,advertising_other,30.69
2090735,2026-08-11,3543927523,advertising_other,26.7
2090751,2026-08-11,3543927531,advertising_other,9.64
2090798,2026-08-11,3543927573,advertising_other,2.52
2065501,2026-08-11,3543927617,advertising_other,91.35
2090764,2026-08-11,3543927628,advertising_other,38.97
2065449,2026-08-11,3543927647,advertising_other,127.3
2090847,2026-08-11,3543927655,advertising_other,6.04
2090744,2026-08-11,3543927666,advertising_other,1.04
2090814,2026-08-11,3543927674,advertising_other,4.11
2065422,2026-08-11,3545414444,advertising_other,77.29
2065395,2026-08-11,3545632399,advertising_other,15.72
2090759,2026-08-11,3545632413,advertising_other,10.18
2065439,2026-08-11,3545632419,advertising_other,5.48
2090781,2026-08-11,3555618205,advertising_other,7.12
2090732,2026-08-11,3556190782,advertising_other,4.64
2065478,2026-08-11,3556239246,advertising_other,30.94
2065460,2026-08-11,3556314714,advertising_other,16.05
2090841,2026-08-11,3556590642,advertising_other,3.43
2090773,2026-08-11,3556844355,advertising_other,12.92
2090777,2026-08-11,3557009469,advertising_other,31.14
2065432,2026-08-11,3557064722,advertising_other,15.59
1708632,2026-08-11,3557069006,advertising_other,606.97
2090800,2026-08-11,3560260828,advertising_other,13.44
2090743,2026-08-11,3560268777,advertising_other,5.0
2065428,2026-08-11,3563925689,advertising_other,59.04
2090747,2026-08-11,3564554053,advertising_other,9.77
2090726,2026-08-11,3565153922,advertising_other,4.34
2065447,2026-08-11,3790059483,advertising_other,47.38
2065475,2026-08-11,3790059985,advertising_other,39.5
2065499,2026-08-11,3790060069,advertising_other,49.59
2090730,2026-08-11,3790060188,advertising_other,5.2
2090804,2026-08-11,3790061016,advertising_other,66.0
2065409,2026-08-11,3790063132,advertising_other,4.21
2090831,2026-08-11,3790064402,advertising_other,30.21
2065396,2026-08-11,3790064625,advertising_other,71.24
2065485,2026-08-11,3790064778,advertising_other,10.58
2090835,2026-08-11,3790065592,advertising_other,42.07
2065456,2026-08-11,3790069456,advertising_other,6.62
2065489,2026-08-11,3790069509,advertising_other,37.81
2090792,2026-08-11,3790069698,advertising_other,1.0
2090776,2026-08-11,3790074434,advertising_other,25.28
2065419,2026-08-11,3800976636,advertising_other,133.93
1708886,2026-08-11,3800976700,advertising_other,6.18
2090784,2026-08-11,3825052162,advertising_other,1.0
2065481,2026-08-11,3825053585,advertising_other,17.32
2090837,2026-08-11,3825053868,advertising_other,27.26
2065399,2026-08-11,3825053909,advertising_other,1.74
1708885,2026-08-11,3825053998,advertising_other,54.9
2090762,2026-08-11,3825055947,advertising_other,146.49
2065477,2026-08-11,3825057457,advertising_other,15.45
2065465,2026-08-11,3825058840,advertising_other,1.74
2065391,2026-08-11,3825059017,advertising_other,53.69
2065389,2026-08-11,3972811244,advertising_other,14.32
2090785,2026-08-11,3972811686,advertising_other,58.5
2065444,2026-08-11,4436854149,advertising_other,3.55
2065495,2026-08-11,4437698302,advertising_other,7.09
2065500,2026-08-11,4437981021,advertising_other,71.45
2065459,2026-08-11,4452869831,advertising_other,1.1
2065414,2026-08-11,4452872884,advertising_other,49.29
2090838,2026-08-11,4452873637,advertising_other,8.08
2065433,2026-08-11,4452875673,advertising_other,160.05
2065512,2026-08-11,4452875744,advertising_other,30.11
2065462,2026-08-11,4452880426,advertising_other,2.74
2090721,2026-08-11,4452880800,advertising_other,164.62
2065380,2026-08-11,4452888720,advertising_other,66.68
2090729,2026-08-11,4452891016,advertising_other,1.74
2065472,2026-08-11,4452964952,advertising_other,101.67
2090787,2026-08-11,4452971025,advertising_other,2.56
2065410,2026-08-11,4452988681,advertising_other,4.98
2090844,2026-08-11,4453003158,advertising_other,26.49
2065468,2026-08-11,4453037405,advertising_other,6.68
2090808,2026-08-11,4453092243,advertising_other,32.94
2065510,2026-08-11,4453096174,advertising_other,24.99
2065502,2026-08-11,4453098469,advertising_other,37.66
2065446,2026-08-11,4453098531,advertising_other,22.83
2090753,2026-08-11,4453102129,advertising_other,1.0
2065408,2026-08-11,958697848,advertising_other,57.46
2090786,2026-08-11,986150535,advertising_other,1.0
2065466,2026-08-11,989409229,advertising_other,23.85
2090794,2026-08-11,993846149,advertising_other,96.11
2090737,2026-08-11,994008331,advertising_other,38.19
2090731,2026-08-11,994009417,advertising_other,82.6
2065429,2026-08-11,994013144,advertising_other,67.57
2090816,2026-08-11,997195859,advertising_other,31.64
2090832,2026-08-11,997195910,advertising_other,40.72
2065482,2026-08-11,997202685,advertising_other,10.02
2090766,2026-08-11,997203243,advertising_other,1.0
2090793,2026-08-11,997203281,advertising_other,103.56
2065451,2026-08-11,997206203,advertising_other,23.19
2090733,2026-08-11,997950891,advertising_other,60.62
2065490,2026-08-11,997951306,advertising_other,27.0
1708905,2026-08-12,1448785140,advertising_other,25.16
2013283,2026-08-16,1011802893,advertising_other,527.97
2039351,2026-08-16,1116114582,advertising_other,187.79
2039350,2026-08-16,1312303671,advertising_other,435.05
2013279,2026-08-16,1312310308,advertising_other,662.1
2013285,2026-08-16,1448785715,advertising_other,346.42
2013281,2026-08-16,1499239951,advertising_other,510.49
2013284,2026-08-16,1499623221,advertising_other,407.72
2013280,2026-08-16,1634798038,advertising_other,612.07
2039349,2026-08-16,2948448526,advertising_other,376.47
2013282,2026-08-16,3215835296,advertising_other,375.11
2039348,2026-08-16,3545414612,advertising_other,372.79
2013286,2026-08-16,997206239,advertising_other,439.94
2065157,2026-08-19,1011783090,advertising_other,296.45
2065173,2026-08-19,1015930915,advertising_other,295.2
2065156,2026-08-19,1021530556,advertising_other,302.17
2065113,2026-08-19,1068519739,advertising_other,283.51
2065040,2026-08-19,1160102369,advertising_other,436.1
2065300,2026-08-19,1165690540,advertising_other,262.89
2065297,2026-08-19,1165703634,advertising_other,282.02
2065308,2026-08-19,1166339733,advertising_other,286.87
2065087,2026-08-19,1175227677,advertising_other,314.02
2065004,2026-08-19,1218451520,advertising_other,828.68
2065127,2026-08-19,1218496991,advertising_other,295.26
2065151,2026-08-19,1219857837,advertising_other,278.95
2065205,2026-08-19,1219891869,advertising_other,277.75
2065111,2026-08-19,1220219737,advertising_other,312.18
2065027,2026-08-19,1220307076,advertising_other,571.34
2065158,2026-08-19,1262649690,advertising_other,288.63
2064978,2026-08-19,1312303671,advertising_other,485.56
2065276,2026-08-19,1381054409,advertising_other,284.29
2065247,2026-08-19,1428616621,advertising_other,279.69
2064990,2026-08-19,1444925261,advertising_other,279.45
2065123,2026-08-19,1456816176,advertising_other,308.32
2065154,2026-08-19,1502340617,advertising_other,238.44
2065204,2026-08-19,1538675792,advertising_other,197.2
2065203,2026-08-19,1538676008,advertising_other,278.66
2065210,2026-08-19,1538676299,advertising_other,22.5
2065266,2026-08-19,1543281376,advertising_other,295.97
2064989,2026-08-19,1620587243,advertising_other,1049.74
2065133,2026-08-19,1620655942,advertising_other,190.4
2065135,2026-08-19,1621630004,advertising_other,170.23
2065147,2026-08-19,1626402138,advertising_other,42.35
2065140,2026-08-19,1626402151,advertising_other,236.1
2065159,2026-08-19,1627517783,advertising_other,301.92
2065163,2026-08-19,1627518940,advertising_other,296.04
2065196,2026-08-19,1635168024,advertising_other,287.73
2065236,2026-08-19,1635168294,advertising_other,270.56
2065119,2026-08-19,1678972215,advertising_other,165.39
2065124,2026-08-19,1678972413,advertising_other,67.08
2065120,2026-08-19,1678972507,advertising_other,153.44
2065153,2026-08-19,1680230450,advertising_other,60.41
2065287,2026-08-19,1681288224,advertising_other,197.02
2065216,2026-08-19,1721023837,advertising_other,294.76
2065148,2026-08-19,1747188248,advertising_other,296.74
2065137,2026-08-19,1747188260,advertising_other,12.98
2065149,2026-08-19,1747188297,advertising_other,293.9
2065142,2026-08-19,1747192467,advertising_other,135.28
2065130,2026-08-19,1747858252,advertising_other,192.48
2065171,2026-08-19,1747858583,advertising_other,303.69
2065015,2026-08-19,1869692265,advertising_other,711.91
2065305,2026-08-19,1946682062,advertising_other,277.06
2065304,2026-08-19,1946684112,advertising_other,263.89
2065169,2026-08-19,1950352487,advertising_other,290.62
2064992,2026-08-19,2574029918,advertising_other,961.0899999999999
2065223,2026-08-19,2673630894,advertising_other,191.43
2065168,2026-08-19,2859751939,advertising_other,296.4
2065061,2026-08-19,2948247060,advertising_other,306.47
2065238,2026-08-19,2996102451,advertising_other,288.38
2065162,2026-08-19,2996660868,advertising_other,297.89
2065139,2026-08-19,3014980189,advertising_other,303.48
2065262,2026-08-19,3210871523,advertising_other,276.46
2065224,2026-08-19,3210871882,advertising_other,280.94
2065230,2026-08-19,3210872057,advertising_other,282.33
2065322,2026-08-19,3215808682,advertising_other,277.89
2065092,2026-08-19,3255894705,advertising_other,307.91
2065160,2026-08-19,3256136483,advertising_other,289.0
2065166,2026-08-19,3256136548,advertising_other,298.0
2065164,2026-08-19,3256137211,advertising_other,285.76
2065315,2026-08-19,3256152830,advertising_other,276.65
2065109,2026-08-19,3256153966,advertising_other,310.97
2065215,2026-08-19,3424015961,advertising_other,282.96
2065222,2026-08-19,3543927469,advertising_other,292.37
2065272,2026-08-19,3543927728,advertising_other,268.59
2065174,2026-08-19,3545632411,advertising_other,213.4
2065165,2026-08-19,3545632413,advertising_other,289.26
2065131,2026-08-19,3545632419,advertising_other,276.43
2065321,2026-08-19,3555545926,advertising_other,281.09
2065307,2026-08-19,3557009469,advertising_other,282.28
2065302,2026-08-19,3560270796,advertising_other,279.52
2065313,2026-08-19,3790059483,advertising_other,285.83
2065318,2026-08-19,3790070188,advertising_other,283.26
2065250,2026-08-19,3825052079,advertising_other,286.85
2065193,2026-08-19,3825053620,advertising_other,280.29
2065237,2026-08-19,3825054262,advertising_other,284.31
2065233,2026-08-19,3825055947,advertising_other,279.88
2065212,2026-08-19,3972811516,advertising_other,286.64
2065290,2026-08-19,4016085081,advertising_other,60.99
2065185,2026-08-19,4437975754,advertising_other,292.75
2065298,2026-08-19,4452872884,advertising_other,284.29
2065228,2026-08-19,4452875744,advertising_other,143.69
2065257,2026-08-19,4452887614,advertising_other,202.19
2065243,2026-08-19,4453039136,advertising_other,281.22
2065105,2026-08-19,986150535,advertising_other,342.7
2065202,2026-08-19,997202671,advertising_other,291.16
2065208,2026-08-19,997204650,advertising_other,293.02
2065201,2026-08-19,997205948,advertising_other,295.85
2064974,2026-08-19,997206239,advertising_other,124.54
2065093,2026-08-19,997967819,advertising_other,278.18
